Link,title,Location,Salary,Summary
https://kr.indeed.com/viewjob?jk=5a5b00dc5688f84f,Mid-level Software Engineer (Point Cloud Processing),서울,,"two-year fixed- term employment contract with full benefits. Following successful completion... employment term, employees..."
https://kr.indeed.com/viewjob?jk=6d69112c9d45ff20,Financial Operation Support - South Korea,서울,,we offer... position will start... 1-year fixed term contract... position you... responsible for overall...
https://kr.indeed.com/viewjob?jk=a07c1ac31bb7090e,HR Assistant,서울,,experience of using HRIS systems; Understanding of payroll processes Category Human Resources Job Type Fixed Term Contract
https://kr.indeed.com/viewjob?jk=5e828fdb6857cf61,78762P-Sales Engineer,서울,,"foster long- term, trusted business relationships. Communicate key issues and advise customers on short-and long- term product..."
https://kr.indeed.com/viewjob?jk=d0986208b46d0291,"Project Engineer, Korea",서울,,matter experts Contribute... success of Bloom Energy’s long- term process improvement efforts Ensure exemplary safety...
https://kr.indeed.com/viewjob?jk=3c63763490779833,"Authenticator & Quality Control, Korea",서울,,returns items Long- term training... genuine interest in building a long- term career as an Authentication Expert You...
https://kr.indeed.com/viewjob?jk=97d3d20c4ddba530,Solution Area Specialist,서울,,growth Foster long- term strategic... Articulates business value and long- term implications for customer business...
https://kr.indeed.com/viewjob?jk=27aff58ed8c5702a,Retail Manager,서울,,mindset is core to our business and key to our long- term success. JOB PURPOSE To maximise the retail revenue by driving...
https://kr.indeed.com/viewjob?jk=a5e4edd6159d33ad,"Client Partner, Consumer Packaged Goods (CPG)",서울,,execute strategies & initiatives that drive short and long- term sales opportunities for focused clients from CPG vertical...
https://kr.indeed.com/viewjob?jk=af7ba61267d2f62a,Master Production Scheduler,경기도,,Support weekly schedule to ensure short- term manufacturing needs are agreed... Immediate and Long- Term Priorities...
https://kr.indeed.com/viewjob?jk=a9b90a7d08e03905,"Manager, Studio Strategy & Analysis",서울,,"making and timely execution Develop country-level long- term studio strategies, facilities, and resource plans and support..."
https://kr.indeed.com/viewjob?jk=b69703c163179d10,Bilingual (Korean-English) Non-Voice Customer Support,원격 근무 in 서울,"시급 8,400원 - 9,000원","full-time... long- term work from home job. If you are looking... stable and long- term job, submit your proposal..."
https://kr.indeed.com/viewjob?jk=1c6ebe91a3ca6d34,"Strategy & Operations, Manager",서울,,countries & ensure timely execution of short and long- term goals through internal & company-wide coordination Support...
https://kr.indeed.com/viewjob?jk=e61ee1ebaadc00ca,[헤드헌팅-신약 개발 선도기업] 신약 사업개발 본부장급,서울,,"제휴 구조(License-Out, 공동연구/개발, J/V)에 따른 사업성 분석 및 평가- 제휴 구도 설정 & Term sheet 개발- 제휴 조건 협상- 제휴 계약 체결2. 회사 가치 제고를 위한 사업개발 전략- 국내외 시장..."
https://kr.indeed.com/viewjob?jk=0c055e6341249694,"Global Account Executive, Global Clients and Agency Solution...",서울,,audiences. Responsibilities Build and cultivate long- term executive relationships with global/regional customer decision...
https://kr.indeed.com/viewjob?jk=bc9253b443201ff9,"Manager Technical Services Yangsan, South Korea Operations",대한민국,,"plan on a medium- term basis, to ensure... Drive and establish the short- and long- term manufacturing assumption and define..."
https://kr.indeed.com/viewjob?jk=c80c823f4c170fe4,Field Engineer,서울,,so you can grow your career and expand your skills... long term. Cytiva is proud to work alongside a community of nine...
https://kr.indeed.com/viewjob?jk=1fc1000f6c4fc200,"Business Analyst, Client Services Center",서울,,reports... establish both short and long- term strategies as well as enhance... short and long- term strategies as well...
https://kr.indeed.com/viewjob?jk=17d2de60db7dbe50,Mid-level Project Management Specialist (AvionX),서울,,"two-year fixed- term employment contract with full benefits. Following successful completion... employment term, employees..."
https://kr.indeed.com/viewjob?jk=8115b6ef7b024646,"제조산업, 통신산업 대기업 담당 영업 포지션",서울,,"Executives, Partners etc. Generate short term results whilst maintaining a long term perspective to maximize overall revenue..."
https://kr.indeed.com/viewjob?jk=fd624aa400347c5d,Livestream Operations Manager - South Korea,서울,,"Talents for live-streaming section. 2. Build and maintain long- term relationship with MCN, agencies and influencers (KOLs). 3..."
https://kr.indeed.com/viewjob?jk=d6b81d409e125322,Sales Associate (롯데광주),광주광역시,,mindset is core to our business and key to our long- term success. JOB PURPOSE 개인 및 매장 판매 목표를 초과 달성하기 위해 노력하고 소매점 주도 성장의 주요...
https://kr.indeed.com/viewjob?jk=69289ada7fc3a36a,Bilingual (Japanese - English) Customer Support Needed,원격 근무 in 서울,,"1) year and above If you are looking... stable and long- term job, kindly fill up our application form so we can start..."
https://kr.indeed.com/viewjob?jk=1bafc87f107a3589,"Selling Partner Support Associate, Selling Partner Support",서울,,We are hiring... Global Seller Support Associate on a Fixed- term contract... Seller Support team acts... primary...
https://kr.indeed.com/viewjob?jk=0ddc36c477559a2d,Order-to-Delivery Support,서울,,we offer... position will start... 1-year fixed term contract. You... overall responsible for day-to-day...
https://kr.indeed.com/viewjob?jk=62c3de9f3d380857,DC Professional - Fashion&WFJ,경기도,,"related to all Office requests (staff purchase, long term service award, gift etc. - Perform all tasks associated..."
https://kr.indeed.com/viewjob?jk=badf024e8cffd205,Teacher,서울,,"partners to make a bigger difference... longer term, creating benefit for millions of people all over the world. We help..."
https://kr.indeed.com/viewjob?jk=e10b21dd4c03ea8c,Korean to English Freelance Translators/Proofreaders/Editors...,원격 근무 in 서울,,looking for skilful freelancers to work with us for our long- term webcomic projects. Please find the details below. Roles...
https://kr.indeed.com/viewjob?jk=6177cb2c6445af7e,경영지원 및 비서 경력/신입 (정규직),서울 성동구,"월급 2,000,000원","landing에 필요한 전반적인 업무 수행 - Payroll : 월 급여 관리, 퇴직급여충당금 및 Short- Term Bonus 관리, 월 마감 보고서 작성 - 조직문화 개선을 위한 캠페인 등 전반적인 업무 수행 - 근태..."
https://kr.indeed.com/viewjob?jk=2741253de882f237,"Digital/PR Marketing 팀장(8-12년, 과차장급)-유명글로벌소비재",서울 강남구,,ž Develop digital marketing strategy for mid/longer term ž Develop category/brand digital marketing strategy in line...
https://kr.indeed.com/viewjob?jk=5f6aa41eff27aacf,Strategic Business Partner,서울,,building capability... implications of short and long- term strategic decisions. Champion the company culture. Here...
https://kr.indeed.com/viewjob?jk=03b417ba32df98dc,Clinical Trial Administrator,서울,,"requirements Timely collection, filing and preparation for long term archival of site and country level trial documents..."
https://kr.indeed.com/viewjob?jk=92946abea9046e37,Business Management Manager,서울,,Strategy Development (35%) • Establish national Short/Long- term Network Strategy adapting central concepts (HQ) and local...
https://kr.indeed.com/viewjob?jk=7cb50b7187152bc1,Project Development Manager – South Korea,서울,,model user-level skills required Ability to forge long term professional relationships with third parties Qualifications...
https://kr.indeed.com/viewjob?jk=293847189a633c2f,Cross Border Ecommerce - Operation (Based in Seoul),서울,,analyze the successful completion of short and long- term goals Identify and share market level insights... local...
https://kr.indeed.com/viewjob?jk=856a0dd1d08ad31c,Leasing Manager,서울 종로구,,planning and long- term vision Planning... under pressure Balance between long- term and short- term planning Good financial...
https://kr.indeed.com/viewjob?jk=037a0052973c584f,SALES YEAR-ROUND INTERNSHIP (ROLLING BASIS),서울 영등포구,,leading brands? Are you intrigued... idea of building long- term business relationships with our customers? Would you like...
https://kr.indeed.com/viewjob?jk=e777d2bc5231a78b,CIB Operations - Client Onboarding Middle Office - KYC Speci...,서울,,"drives everything we do. We strive to build trusted, long- term partnerships to help our clients achieve... business..."
https://kr.indeed.com/viewjob?jk=b22295422e62a558,"Director, Production Management",서울,,areas as early as possible Negotiate facility deals for long- term stage rentals Identify and hire producer / line producers...
https://kr.indeed.com/viewjob?jk=060ca062da0f0ad4,Sales Associate 2 (현대 무역 남성),서울 강남구,,mindset is core to our business and key to our long- term success. JOB PURPOSE 개인 및 매장 판매 목표를 초과 달성하기 위해 노력하고 소매점 주도 성장의 주요...
https://kr.indeed.com/viewjob?jk=9046f86eafd667b9,Senior HR Supervisor,대한민국,,"promotions and external recruitment to satisfy near- term performance, longer- term succession needs... insure plant has..."
https://kr.indeed.com/viewjob?jk=c5dc8f82849e3d4d,CIB - Global Corporate Bank - MNC Analyst - Korea,서울,,"drives everything we do. We strive to build trusted, long- term partnerships to help our clients achieve... business..."
https://kr.indeed.com/viewjob?jk=b172fa184b889285,영어 가능한 주한 외국인 리로케이션 코디네이터,서울 용산구,,"Maintenance2. Clients Secretary & Documentary Work3. Short Term Staying Accommodation4. Furniture Rental & Sale, Buying..."
https://kr.indeed.com/viewjob?jk=c7ba9bc24d8226a6,Mid-level Software Quality Engineer (SQE),서울,,"two-year fixed- term employment contract with full benefits. Following successful completion... employment term, employees..."
https://kr.indeed.com/viewjob?jk=c2f5e427c0dd01f9,IT Specialist,서울,,"time work, Remote work) Short- term Incentive based on yearly performance Long- term Incentive (Share options) Application..."
https://kr.indeed.com/viewjob?jk=aefcab13cce67894,"Account Executive (All Levels) SEOUL, SOUTH KOREA",서울,,"free up agents to focus on things only humans can do. Over the long term, AI Rudder aims to rethink the future of business..."
https://kr.indeed.com/viewjob?jk=ef7ac985c48bdbc8,"Technology Operations, Analyst",서울,,"drives everything we do. We strive to build trusted, long- term partnerships to help our clients achieve... business..."
https://kr.indeed.com/viewjob?jk=9d8b092888a97bfe,Executive Assistant,서울,,ad hoc support when needed We are proud to have a long- term bonding with our employees: More than 30% of our employees have...
https://kr.indeed.com/viewjob?jk=f1fef9d7871df01c,Director-Finance (Regional/Divisional),서울,,input for negotiation... landlord Prepare short and long- term business plans... future... business Governance...
https://kr.indeed.com/viewjob?jk=cbb6d05da9037e80,Creative Producer,서울,,"stakeholders and multiple priorities, balancing short and long term needs and implications. * Strong verbal and written..."
https://kr.indeed.com/viewjob?jk=a3ff75e302b24374,"Solutions Architect - AMAZON Web Services, Korea",서울,,managers within your larger organization when discussing mid- term customer strategy and architectural best practices · We...
https://kr.indeed.com/viewjob?jk=abeb6569aa0a4e8e,"Sr Marketing Specialist, ENT",서울,,operators and referrers Good ability to set up long- term marketing and business strategies including revenue/operational...
https://kr.indeed.com/viewjob?jk=f523e7a39028172d,"CIB, Location Control Management, VP",서울,,"drives everything we do. We strive to build trusted, long- term partnerships to help our clients achieve... business..."
https://kr.indeed.com/viewjob?jk=d2797488f8e68220,"Accelerated Growth Consultant, Google Customer Solutions (En...",서울,,"Google Ads investment through sustainable and long- term strategies... role, you will work as a specialist to drive..."
https://kr.indeed.com/viewjob?jk=cbf634d3764c09d2,Field Service Channel Sales,서울,,handling tactical items while keeping sight of longer term strategic goals Strong collaborative skills to work across...
https://kr.indeed.com/viewjob?jk=29d64180c0330546,[Richemont Group] SAP Project- Local Logistics PM,서울,,"SAP Project- Local Logistics PM Richemont Seoul, 11, KR Fixed Term Richemont owns some... world’s leading luxury goods..."
https://kr.indeed.com/viewjob?jk=25a80b0ae78ddf04,Bioprocess Sales Specialist,서울,,operation and communication... domestic and long- term distributor in South Korea. Regular sales updates and opportunity...
https://kr.indeed.com/viewjob?jk=c12042e2e86da4f1,Legal Specialist,서울,,actively invest in our team members to support... long- term growth so they can continue to advance our mission and achieve...
https://kr.indeed.com/viewjob?jk=6bd48f9d3f6c577d,Front End Developer (Short-Term Onsite Project),서울,,do at Hogarth... vacancy... an upcoming short- term project from February-March 2022. The team may be required to work...
https://kr.indeed.com/viewjob?jk=411a50d965f48e03,Business Development Manager,서울,,along with long- term development... act as project lead... short/long- term market growth plan development Manage...
https://kr.indeed.com/viewjob?jk=e3e9a7521ac9c0b9,Sales Development Representative,서울,,continues to innovate... well positioned... long term... Team: Our sales team works... best-of-breed product...
https://kr.indeed.com/viewjob?jk=562387769f0694ec,"Territory Manager, South Korea",서울,,assigned. Responsible for maintaining short range and long term plans for developing sales within the assigned territory...
https://kr.indeed.com/viewjob?jk=bc6160ceec3a49f7,Knowledge Analyst - Panorama Financial Institutions Insights...,서울,,within your area of expertise as well as provide short- term support for delivering key insights on content-focused questions...
https://kr.indeed.com/viewjob?jk=a9918e40763209af,Recruiter,대한민국,,"intelligence, business needs and formulate immediate-to-long term recruitment strategies. You will responsible... full..."
https://kr.indeed.com/viewjob?jk=9b12b4886d429f05,Retail Assistant Manager,서울,,enhance the Maison DNA for long- term management 2) Ecommerce Retailer Site development for long- term strategy - Development...
https://kr.indeed.com/viewjob?jk=56b0a23b9fbf9fe4,Assistant Brand Manager,서울,,"Senior Assistant Brand Manager’s role... drive long- term brand building to achieve the goal... company, meeting..."
https://kr.indeed.com/viewjob?jk=faa2aa492ec58242,[Van Cleef & Arpels] Communication Director,서울,,2. Strategic Planning & review • Develop and implement the long- term and yearly communication strategies across all functions...
https://kr.indeed.com/viewjob?jk=b84667c7e0a1d7a3,"Finance Manager, South Korea",서울,,"support... effective Decision making Short and long term financial projections Prepare budget, latest estimate and ensure..."
https://kr.indeed.com/viewjob?jk=3dc3a59932842792,Gene Therapy Sales Development Leader,서울,,your skills... long term. Your health... maintain an accurate forecast of short- term business opportunities. - Maintain Gene...
https://kr.indeed.com/viewjob?jk=5a2b9481ee219d79,Tech Architect,서울,,ability to manage through influence Ability to create long term relationships and deliver programs of major impact within...
https://kr.indeed.com/viewjob?jk=8832ef3d836fbdb8,CAO - Global Business & Document Services - Client Service R...,서울,,"drives everything we do. We strive to build trusted, long- term partnerships to help our clients achieve... business..."
https://kr.indeed.com/viewjob?jk=983cce8d1fef89b3,[Lionbridge] Korean Content Editor 경력,서울 마포구,,need... living within commuting distance from Seoul. Long- term and regular commitment to our localization projects...
https://kr.indeed.com/viewjob?jk=501cb03bcb2f94ff,KR_HP_Market Access Specialist (Temp.),대한민국,,"family-owned ever since, Boehringer Ingelheim takes a long- term perspective. Now, we are powered by 52,000 employees globally..."
https://kr.indeed.com/viewjob?jk=83f7470f468435ac,Customer Success Manager South Korea,서울,,fits... long- term L&D eco-system... Designing Strategic Playbooks for long- term coaching concepts aligned with business...
https://kr.indeed.com/viewjob?jk=8b0b1e36e00fafb6,OFA Sales Engineer,대한민국+1 지역,,"Defining the quoted price through information of delivery term, contract term... relative difficulty... project..."
https://kr.indeed.com/viewjob?jk=08dfa54b94d5e3fc,"Director, Business Development - Korea (Remote)",서울,,"market strategy including... limited to a short and long- term account and agency plan, a staffing plan that supports..."
https://kr.indeed.com/viewjob?jk=4a45d120ff44f274,"Financial Accountant, Accounting",서울,,"grow... name Google came from ""googol,"" a mathematical term... number 1 followed by 100 zeros. And nobody at Google..."
https://kr.indeed.com/viewjob?jk=ad8f79463c43d752,Freight Forwarding - Sales Manager,서울,,terms of sales and focusing on long/mid/short term direction for local account developments within the organization...
https://kr.indeed.com/viewjob?jk=fe44b604b59c9bf0,National Sales Manager - Korea ì�´ì‚¬,서울,,"implementing short, medium and long term strategies across all channels Give... short, medium and long term results Lead..."
https://kr.indeed.com/viewjob?jk=796033adfd899abd,Trainee Sales Associate (신세계천안아산),충청남도 천안,,mindset is core to our business and key to our long- term success. JOB PURPOSE 개인 및 매장 판매 목표를 초과 달성하기 위해 노력하고 소매점 주도 성장의 주요...
https://kr.indeed.com/viewjob?jk=ad847dae3534f9c9,[Summer 2022] Junior Literature/AP Subjects/SAT Instructors...,서울 강남구,,international airport upon successful completion... contract term · Round-trip... working 3 months... Summer...
https://kr.indeed.com/viewjob?jk=d3cc08ffdef465cd,Healthcare Industry Account Executive,서울,,"Executives, Partners etc. Generate short term results whilst maintaining a long term perspective to maximize overall revenue..."
https://kr.indeed.com/viewjob?jk=c257d1783cee1089,Strategic Marketing Manager,서울,,"responsible... strategy which must meet short and long- term business objectives for revenue, growth, profitability..."
https://kr.indeed.com/viewjob?jk=05da27090325bf8b,Beauty Care Sales Intern,서울,,"JOB ID: 22028932 Contract & Job type: Full Time, Limited Term Contact information for application-related questions..."
https://kr.indeed.com/viewjob?jk=5b17fe67ac19dd88,ST employee_compliance,서울,,PPT skills Primary Location: KR-11-Seoul (City) Job Type: Fixed Term Job: TEMPORARY STATUS Education Level: Bachelor Degree...
https://kr.indeed.com/viewjob?jk=19ec0e2fc12486ff,TPE Specialist,대한민국,,time position. Only consultation... asked. The contract term... 1 year. Candidates... only asked to stay...
https://kr.indeed.com/viewjob?jk=bce312534e81d27b,INTERN - PROGRAMME MANAGEMENT [Temporary],인천,,commission of any... acts. The term “sexual exploitation” means any actual... conditions. The term “sexual harassment...
https://kr.indeed.com/viewjob?jk=80f98e9a782c40b5,Analytics Specialist,서울,,"stakeholders and multiple priorities, balancing short and long term needs and implications. * Strong verbal and written..."
https://kr.indeed.com/viewjob?jk=efab6d4feed3e772,Marketing Specialist (수시모집 인재풀 등록),서울,,analytical skills to analyze trends or marketing data. Uses short- term planning skills when forecasting or providing guidance...
https://kr.indeed.com/viewjob?jk=72041fd125e9382b,"Technical Program Manager, Machine Learning, Core",서울,,"all workstreams and engineering work, including longer- term initiatives. Build technical docs, code samples, and guides..."
https://kr.indeed.com/viewjob?jk=29ab33a25d720b78,Assistant Market Manager – South Korea,서울,,"success in acquiring, building & maintaining long- term customer relationships strongly preferred. Upbeat, collaborative..."
https://kr.indeed.com/viewjob?jk=98bead83cdd0cea2,Technical Sales Specialist for D&M,서울,,feedback and identified business opportunities Develops long term customer relationships and achieves customer satisfaction...
https://kr.indeed.com/viewjob?jk=f191a49f4a6130f6,"CIB - Debt Capital Markets - Associate, Korea",서울,,"drives everything we do. We strive to build trusted, long- term partnerships to help our clients achieve... business..."
https://kr.indeed.com/viewjob?jk=ca01112f2d124b7e,E-Boutique Professional,서울,,platform & identify new opportunities - building strong & long term partnerships with operators to get analytics and customer...
https://kr.indeed.com/viewjob?jk=e8e4a7f2c191c51a,Internship_Marketing Specialist,대한민국,,business to meet customer value supporting short and long term plan. Development business opportunities with various sales...
https://kr.indeed.com/viewjob?jk=a0825a82e7bdde91,Technical Solutions Executive,서울,,expansion and long- term partnerships... gain acceptance that Autodesk is a long term solution provider Technical Discovery...
https://kr.indeed.com/viewjob?jk=4834952085926f0b,(Senior) Process Engineer,경기도 화성,,existing processes... wafer performance and long- term process stability Follow-up on new technology being reported...
https://kr.indeed.com/viewjob?jk=a8c731d6f6cd6241,CIB Operations - Market Operations - FX & Derivatives Trade...,서울,,"drives everything we do. We strive to build trusted, long- term partnerships to help our clients achieve... business..."
https://kr.indeed.com/viewjob?jk=ea6893c9eb75ac4a,Global Technology Manager ABS,서울,,Support long term asset strategy... skills with ability to build long- term relationships and able to work with internal...
https://kr.indeed.com/viewjob?jk=ad901a97a854b2c6,Sales Manager in Electronics,서울,,"chain execute short-, mid- and long- term strategies for assigned markets, customers... mid- and long- term strategic planning..."
https://kr.indeed.com/viewjob?jk=bedae72422407876,Sales and Customer Management Executive,서울,,"partners to make a bigger difference... longer term, creating benefit for millions of people all over the world. We help..."
https://kr.indeed.com/viewjob?jk=7e9b22621094672e,"Head of Amazon Global Selling, Korea",서울,,strategic business development plan aligned with our long- term objectives; ensure we are prioritizing the right initiatives...
https://kr.indeed.com/viewjob?jk=de74ec709f1c41a4,Senior Engineer - Offshore Wind,서울,,"candidate including Global Profit Share scheme, and long- term career development opportunities etc. Personal data collected..."
https://kr.indeed.com/viewjob?jk=bb01900aa7b4ab34,Solutions Architect,서울,,managers within your larger organization when discussing mid- term customer strategy and architectural best practices · We...
https://kr.indeed.com/viewjob?jk=46c877ccc5d14391,Contract Negotiator,서울,,actively invest in our team members to support... long- term growth so they can continue to advance our mission and achieve...
https://kr.indeed.com/viewjob?jk=e96a98219e815e7a,R&D 부문 대졸 신입/경력 수시채용 공고,서울 서초동,,"신제품 후보물질 발굴 및 License-in 추진 - 신규물질 스크리닝, 제품검토 및 시장성 평가, 사업제안, Term sheet협의 2. 신약개발과제 License-out 관련 업무의 기획 및 추진 - 내부 개발현황 파악..."
https://kr.indeed.com/viewjob?jk=7898da946c6a4446,Senior Technical Training Consultant (9-month fixed term con...,서울,,"you a problem solver, explorer, and knowledge seeker – always asking, “What... so... you may... new team member..."
https://kr.indeed.com/viewjob?jk=e1cf87ded0a84c3b,Shinsegae Main - Junior Retail Consultant,서울,,"Behaviour: Goes beyond what is expected, considers the longer term impact of decisions and actions Takes accountability..."
https://kr.indeed.com/viewjob?jk=d8293d873a747331,소프트웨어 CTO포지션 [상장예정 스마트 테마파크 스타트업],서울,,Render the MSA-based architectural goals in a short term and long term for distributed environments along... company...
https://kr.indeed.com/viewjob?jk=88967b42ee6f04ee,Inside Sales Executive,서울,,"sales probing techniques; and Developing and maintaining long- term business relationships Ability to: Analyse data, identify..."
https://kr.indeed.com/viewjob?jk=7ffe7aadc157ef15,Accounting Associate,서울,,phone calls or emails. Employee Status: Temporary (Fixed Term)Relocation:DomesticVISA Sponsorship:Travel Requirements...
https://kr.indeed.com/viewjob?jk=282e84ee532c651b,"Manager, E-Commerce Operation",서울,,platform behavior and social behavior to carry out long- term and short- term strategy for user acquisition and app penetration...
https://kr.indeed.com/viewjob?jk=4c0722b015542e6e,CIB - Sales & Marketing - Investor Access - 1 Year Fixed Ter...,서울,,"drives everything we do. We strive to build trusted, long- term partnerships to help our clients achieve... business..."
https://kr.indeed.com/viewjob?jk=12c809b3224fc4b6,Commercial Manager Travel Sellers Korea,서울,,"needs and drive Amadeus growth... market. - Define mid/long term ambition, strategic plan and associated KPIs across our..."
https://kr.indeed.com/viewjob?jk=370d24eaaabc1383,"Sales Representative, Surgical Innovations (Central)",서울,,"Responsible for developing, building, and strengthening long- term relationships with stakeholders including distributors..."
https://kr.indeed.com/viewjob?jk=5ad2ea0313301e31,New Business Developer,대한민국,,development of technology and capabilities to support the long term needs... business -Collaborate... business unit...
https://kr.indeed.com/viewjob?jk=28424fee09a90c2d,Account Mgr,대한민국,,"responsible for sales results. • Establishes strong, long- term customer relationships and cultivates new business..."
https://kr.indeed.com/viewjob?jk=a147c8090193bcac,[Janssen] Data Management Specialist,서울,,2. 계열사: 한국얀센 (Janssen) 3. 근무지: 서울시 용산구 4. 근무 형태: Fixed Term [Responsibilities] - Supports internal In-market sales data...
https://kr.indeed.com/viewjob?jk=5d723c0e5fad8633,Cybersecurity Consultant,서울,,"support our customers to transition and realize... long- term strategic goals sustainably, and collectively contributing..."
https://kr.indeed.com/viewjob?jk=40cbef1739f31b5c,Adhesive Application Engineering Intern,서울,,"영어 회화 가능자 JOB ID: 21025850 Contract & Job type: Full Time, Limited Term Contact information for application-related questions..."
https://kr.indeed.com/viewjob?jk=69b2c7a65a0262c3,"Technical Solutions Consultant, Wear OS (Korean)",서울,,"manage the overall technical aspects to build successful, long- term partnerships. You will have the opportunity to drive..."
https://kr.indeed.com/viewjob?jk=0014c1f8c5eed239,[L'oreal Korea] Sr. E-Commerce Specialist - Kiehl's ECOM,서울,,"leading, developing, implementing eBTQ business in short & long- term perspective. E-BTQ(Owned mall) sales performance Plan..."
https://kr.indeed.com/viewjob?jk=53351825a09b9af7,"Analyst - Capabilities & Insights, Global Energy & Materials",서울,,workstream in your area of expertise to provide short- term support delivering key insights on content-focused questions. You...
https://kr.indeed.com/viewjob?jk=3a9f2ac38ab46737,Senior E-boutique Professional (Kakao),서울,,platform & identify new opportunities - building strong & long term partnerships with operators to get analytics and customer...
https://kr.indeed.com/viewjob?jk=e72ebf72e4f4bbb9,SUSTAINABLE DEVELOPMENT EXPERT,인천,,commission of any... acts. The term “sexual exploitation” means any actual... conditions. The term “sexual harassment...
https://kr.indeed.com/viewjob?jk=3a08b30ab659e141,Market Development Manager,서울,,"Optimistically focus on continual growth over a longer- term horizon • Bias for Action: Have a bias for action, prioritizing..."
https://kr.indeed.com/viewjob?jk=3ae73b094ebd696b,Junior Innovation Advisor,대한민국,,"strong interpersonal skills and ability to create positive, long- term working relationships by demonstrating a commitment..."
https://kr.indeed.com/viewjob?jk=2496138ec2d92bfa,Assistant Training Manager,서울,,"mindset is core to our business and key to our long- term success. JOB PURPOSE Service excellence ambassador, responsible..."
https://kr.indeed.com/viewjob?jk=116031a51567446c,Installation Project Manager,서울,,matter experts Contribute... success of Bloom Energy’s long- term process improvement efforts Participate in Bloom Energy...
https://kr.indeed.com/viewjob?jk=3ece5c9fc6355693,"Trainer, Retail",서울,,"mindset is core to our business and key to our long- term success. JOB PURPOSE Service excellence ambassador, responsible..."
https://kr.indeed.com/viewjob?jk=fde64e6948e8cdfa,PM-oncology,서울,,"brands marketing issues... achievement of short and long term business objectives, increased profit, and market control..."
https://kr.indeed.com/viewjob?jk=310ec77961b77d2a,"R&D Engineer, Sr II (1 year Contract)",서울,,"Job Category Engineering Country Korea, Republic of Job Subcategory R&D Engineering Hire Type Defined Term Emp."
https://kr.indeed.com/viewjob?jk=8c592cda2291fdff,Country HR Leader,경기도,,Partners team to implement HR actions to meet short- and long- term organization strategy targets * Provide support to Line...
https://kr.indeed.com/viewjob?jk=ca07290c7685d851,International Business Developer,서울,,execution... account’s strategy. We are proud to have a long- term bonding with our employees: More than 30% of our...
https://kr.indeed.com/viewjob?jk=192b9fd21ff95385,Airfreight Business Development Partner,서울,,"expectation and long- term relationship... development plan with short- and long- term business objectives, and initiatives..."
https://kr.indeed.com/viewjob?jk=42e1639ebed0b80f,Senior Digital Development Specialist,서울,,World Bank Sector: Digital Development Grade: GG Term Duration: 4 years 0 months Recruitment Type: International Recruitment...
https://kr.indeed.com/viewjob?jk=b12ff4dc2bf9d990,[OSP] Summer 2022 Intensive Program Now Hiring!,서울 강남구,,international airport upon successful completion... contract term · Round-trip... working 3 months... Summer...
https://kr.indeed.com/viewjob?jk=fa63672e41acad0e,Business Consultant (Area focus: CRC/ECOM) - Temporary Posit...,서울,,"CRC/ECOM) - Temporary Position Richemont Seoul, 11, KR Fixed Term Richemont owns some... world’s leading luxury goods..."
https://kr.indeed.com/viewjob?jk=8f4b15e466f90f08,BUSINESS DEVELOPMENT ANALYST III,서울,,"develop, and implement near- term and long- term business development strategies... substantiate long- term prospects. What..."
https://kr.indeed.com/viewjob?jk=e63f068754fc6831,40135 - Client Services Rep,서울,,"quality, time, costs and results • Define and implement long- term technical architectures / integrations - sustainable..."
https://kr.indeed.com/viewjob?jk=d6a974f5fa508788,Process Engineer,경기도 화성,,existing processes... wafer performance and long- term process stability Follow-up on new technology being reported...
https://kr.indeed.com/viewjob?jk=66b3fa7e0c4e3e2d,Sr Staff FAE,서울 강남구,,opp - Business strategy for mid/long- term biz expansion - Understanding FAE role... strategy for mid/long- term biz expansion...
https://kr.indeed.com/viewjob?jk=e2ac5f3c7544bdc7,[JW중외제약] 대졸이상 신입/경력 수시채용,서울 서초동,,"신제품 후보물질 발굴 및 License-in 추진 - 신규물질 스크리닝, 제품검토 및 시장성 평가, 사업제안, Term sheet협의 2. 신약개발과제 License-out 관련 업무의 기획 및 추진 - 내부 개발현황 파악..."
https://kr.indeed.com/viewjob?jk=19493e9c703eee09,Key Account Manager,서울,,"customers’ businesses... profit drivers, short/medium/long term objectives, and how we can help them achieve... goals..."
https://kr.indeed.com/viewjob?jk=6efec86f588572ae,Technical Support Specialist,서울,,"problems, diagnose causes, identify temporary and long- term solutions and communicate status updates to clients Coordinate..."
https://kr.indeed.com/viewjob?jk=86bb4749ffc33064,Business Development Manager - South Korea,서울,,"remuneration package... prospect of building a long- term career, whilst encouraging growth and leadership within..."
https://kr.indeed.com/viewjob?jk=892ac59317a23cbb,[Richemont Group] C&B Manager,서울,,"analysis... gender pay gap analysis, etc. • Short- term and Long- term incentives management Benefit Management • Lead..."
https://kr.indeed.com/viewjob?jk=6e89fe4e231598b0,OFA Marine Sales Engineer_Busan,부산광역시,,order to achieve the yearly financial targets and long- term business growth plans. What we expect of you? Equivalent...
https://kr.indeed.com/viewjob?jk=c7ff1c570745014a,"Customer Success Manager, South Korea",서울,,"impact... world. So, if you aim high and think long term…you belong here. We innovate. We want... what happens next..."
https://kr.indeed.com/viewjob?jk=ebca12f8a6ff9bea,[해외취업] 라이프케어 제품 판매 및 서비스 제공 회사 마케팅팀 업무지원,서울 마곡동,"연봉 42,590,000원 - 43,660,000원","market, 3. Achieves profit and maximizes the brand's long- term potential. 4. Requires up to 10% travel 그 외 자격요건 - 본 채용정보는 J1..."
https://kr.indeed.com/viewjob?jk=0b5ae03ab42672ee,"ROK - Senior Officer, South Korea, B3(L)",서울,,"year 10 March 2022 Grade B3 (L) Type of Position Fixed Term, Full-time Working hours per week 36 Duration of Post 12 months..."
https://kr.indeed.com/viewjob?jk=ce37da3523abb35c,CIB - Equity Research - Research Analyst - Fixed Term Contra...,서울,,"drives everything we do. We strive to build trusted, long- term partnerships to help our clients achieve... business..."
https://kr.indeed.com/viewjob?jk=31ee06f6446bb1fa,"Prin, IM/Trading",서울,,surplus liquidity by deploying liquidity in suitable short term money market instruments including interbank placements...
https://kr.indeed.com/viewjob?jk=25776456522632d3,E-Retail Professional(Travel Retail Channels),서울,,identify new opportunities building strong & long- term partnerships with e-retailer MDs to get analytics and customer data...
https://kr.indeed.com/viewjob?jk=e848243281907fc8,SAINT LAURENT HR Assistant Manager (Fixed-term),서울,,position is fixed- term with 1 year and 3... background. Job Type Fixed Term (Fixed Term) Start Date 2022-03-02 Schedule...
https://kr.indeed.com/viewjob?jk=436fd31abc221b7c,Information Technology Assistant,인천,,commission of any... acts. The term “sexual exploitation” means any actual... conditions. The term “sexual harassment...
https://kr.indeed.com/viewjob?jk=18dc83331552f034,"CIB - Payments - Client Service Officer, 20 months fixed-ter...",서울,,"note... role is a 20 months fixed- term contract starting from June 2022 J.P... build trusted, long- term partnerships..."
https://kr.indeed.com/viewjob?jk=c251796a7cd6e668,Associate Software Engineer - CNC (Computer Numerical Contro...,서울,,"two-year fixed- term employment contract with full benefits. Following successful completion... employment term, employees..."
https://kr.indeed.com/viewjob?jk=d8bef7db02cf1917,"교육행정, 교육상담 외 신입/경력 정규직",인천 연수구,,employment upon satisfactory completion... initial contract term.Responsibilities• Responsible... recruitment...
https://kr.indeed.com/viewjob?jk=d2dc26eb5f4b55b8,Client Executive,서울,,engagement strategies to build long- term relationships with customers and drive... creation of long- term strategies aimed...
https://kr.indeed.com/viewjob?jk=a45ac45ca4ab54e8,Industry Account Manager - Samsung,대한민국,,"execute strategic selling and long- term business development plans, and select... create long term alignment and growth..."
https://kr.indeed.com/viewjob?jk=bb095759b1249a1d,[AST] Sales Representative,서울,,"penetration and cross selling. Developing sustainable long- term relationships. Understand customer strategy, organization..."
https://kr.indeed.com/viewjob?jk=137e4b36cd4b39d0,Translator Intern,서울,,associated... use... resume... considered null and void. Category Translation Job Type Fixed Term Contract
https://kr.indeed.com/viewjob?jk=4ff874866ad60ddd,Customer Service Manager,서울,,daily directions and supervision Assist in negotiating Long Term Service Agreement (LTSA) contracts in Korean Work cross...
https://kr.indeed.com/viewjob?jk=dfba483e59693f1e,"컨텐츠제작, 번역 외 신입/경력 정규직",성남 수정구,,LOOKING FOR LONG TERM PEOPLE (1-2 YEARS... media content design-Can commit to long term (2+ years)*Marketing Strategist...
https://kr.indeed.com/viewjob?jk=0a358c5748aebbd0,Associate PSR,서울,,phone calls or emails. Employee Status: Temporary (Fixed Term) Relocation: No relocation VISA Sponsorship: Travel...
https://kr.indeed.com/viewjob?jk=dc486a35ed6d137b,Samsung Technology Seller,서울,,IBM’s relevancy to both new and longer- term business executives within the account... medium- and long- term client strategy...
https://kr.indeed.com/viewjob?jk=0c067de742005bfc,Associate Software Engineer (AvionX),서울,,"two-year fixed- term employment contract with full benefits. Following successful completion... employment term, employees..."
https://kr.indeed.com/viewjob?jk=a4fd655e4b2f95d9,Korea - Sports Marketing Director,서울,,stories about sport and nurture long- term relationships between the athletes... APLA’s long term vision & strategy...
https://kr.indeed.com/viewjob?jk=efd8209ff5e4e83d,Site Specialist North East Asia,서울 강남구,,"group – short and long term. Responsible... customer satisfaction, short and long- term. Daily optimization and evaluation..."
https://kr.indeed.com/viewjob?jk=4e38193c08dd3fda,Data Engineer,서울,,"two-year fixed- term employment contract with full benefits. Following successful completion... employment term, employees..."
https://kr.indeed.com/viewjob?jk=d05bbb702dbbdec8,Global Planner POM,서울,,capacities and inventory levels Provide short and mid- term master production plan... supplying plants Manage constraint...
https://kr.indeed.com/viewjob?jk=5ae63a96736e5b91,Intern (February - August 2022),서울,,"principal investment. Job no: INT-962078 Work type: Fixed term Location: Seoul Category: Junior, Asset Management, Graduate..."
https://kr.indeed.com/viewjob?jk=cadddc1d517bc19b,Renewable Energy Analyst,서울,,"Forecasting long- term resource using... data; Development of annual and long term solar energy assessments, using various..."
https://kr.indeed.com/viewjob?jk=eff9a962b47ac01c,Supply Planner,서울,,support from them. Provide input... OP meetings for long term planning horizons; provide recommendations to supply chain...
https://kr.indeed.com/viewjob?jk=da125f7cfaf063c9,기업금융 전산시스템 운영 담당자,인천 남동구,,"stakeholders, provide short- term resolutions and work with relevant technology partners for long term remediation.Develop..."
https://kr.indeed.com/viewjob?jk=0820a9a56f2ea3f0,PointNext Business Operation,서울,,partners with cross-functional teams to develop short- term (typically less than two years) business plans and supporting data...
https://kr.indeed.com/viewjob?jk=4c155d9f4f0fb0d3,Selling Partner Support Associate,서울,,Position Description: Global Seller Support Associate (Fixed- term... Seller Support Associate acts... primary...
https://kr.indeed.com/viewjob?jk=462b9905afad6982,기업금융 전산시스템 운영 담당자,인천,,"stakeholders, provide short- term resolutions and work with relevant technology partners for long term remediation. Develop..."
https://kr.indeed.com/viewjob?jk=a7e7fc2d3e8aec07,Trainee Sales Associate (현대 김포아울렛),경기도,,mindset is core to our business and key to our long- term success. JOB PURPOSE 개인 및 매장 판매 목표를 초과 달성하기 위해 노력하고 소매점 주도 성장의 주요...
https://kr.indeed.com/viewjob?jk=1a9c0a18e7fe14f6,Marketing Communication,서울,,Plan marketing events including budget and short and long- term strategy Create and maintain consistent corporate brand/image...
https://kr.indeed.com/viewjob?jk=f89ee17456fc7153,"Asset Management, Assistant, Seoul",서울,,around the world... dedicated partnership and focus on long- term performance. As primary investment area within Goldman...
https://kr.indeed.com/viewjob?jk=a6425ba5c21ef3ec,INTERN - ENVIRONMENT AFFAIRS [Temporary],인천,,commission of any... acts. The term “sexual exploitation” means any actual... conditions. The term “sexual harassment...
https://kr.indeed.com/viewjob?jk=38ae14cd7a952cf2,"CIB - Equity Capital Markets - Origination Assistant, 6 mont...",서울,,"drives everything we do. We strive to build trusted, long- term partnerships to help our clients achieve... business..."
https://kr.indeed.com/viewjob?jk=ca632a267b7830e2,Brand Manager,서울,,addition... position is also responsible for forecasting long- term and market trend... designated market through...
https://kr.indeed.com/viewjob?jk=30e17a7d8ce9d4d4,Software Engineer,서울,,UJET developer community Contribute... vision and long- term strategy in your domain of expertise Find ways to spread...
https://kr.indeed.com/viewjob?jk=84dd1fd331175f2f,"Strategic Pricing Lead, South Korea",경기도 성남,,analytics. Effectively balances near- term pricing decisions with medium-to-long term market-level strategic and commercial...
https://kr.indeed.com/viewjob?jk=093aff756539c03b,Mid-level Software Engineer (AvionX),서울,,"two-year fixed- term employment contract with full benefits. Following successful completion... employment term, employees..."
https://kr.indeed.com/viewjob?jk=85cb289f62e9465b,Event Ambassador,서울,,acquire new supporters by promoting and retaining a long- term relationship with existing supporters. · Actively involved...
https://kr.indeed.com/viewjob?jk=ae6efe91de89447d,"CIB - Global Corporate Bank - Local Corporate - Analyst, Kor...",서울,,"drives everything we do. We strive to build trusted, long- term partnerships to help our clients achieve... business..."
https://kr.indeed.com/viewjob?jk=9323c69b11980fbb,Sales Associate (버버리 서울플래그십),서울,,mindset is core to our business and key to our long- term success. JOB PURPOSE 개인 및 매장 판매 목표를 초과 달성하기 위해 노력하고 소매점 주도 성장의 주요...
https://kr.indeed.com/viewjob?jk=e3124ab824187ec4,Partner Account Management,서울,,"account management, and performance monitoring. Driving long- term sustainable sales growth with partners Executive..."
https://kr.indeed.com/viewjob?jk=1fa918baacd1fc58,Software Engineer (MLOps),서울,,"two-year fixed- term employment contract with full benefits. Following successful completion... employment term, employees..."
https://kr.indeed.com/viewjob?jk=da1c20427b2764df,Intern (March – August 2022),서울,,"principal investment. Job no: INT-961927 Work type: Fixed term Location: Seoul Category: Junior, Asset Management, Graduate..."
https://kr.indeed.com/viewjob?jk=e72d9f072706ef1d,South Korea Key Account Manager,대한민국,,"maintaining long term executive... Create, develop, and maintain long term executive relationships across a portfolio..."
https://kr.indeed.com/viewjob?jk=4de4e32f742a8fa7,"Specialist, Biopharma Sales (1-yr fixed term)",서울,,"current and future business, and responds proactively to secure long term business performance, presenting the business plan..."
https://kr.indeed.com/viewjob?jk=8a4d2489da57f366,Aesop Seongu - Retail Consultant,서울,,"Behaviour: Goes beyond what is expected, considers the longer term impact of decisions and actions Takes accountability..."
https://kr.indeed.com/viewjob?jk=a825d432af879511,Consultant - Capital Productivity,서울,,continuous improvement effort or developing short and long- term capability-building plans for all relevant levels of client...
https://kr.indeed.com/viewjob?jk=b47d3813c209cb09,Seoul Branch_HR Generalist_PERM,서울,,motivated Primary Location: KR-11-Seoul (City) Job Type: Fixed Term Job: HUMAN RESOURCES Education Level: Bachelor Degree...
https://kr.indeed.com/viewjob?jk=b02ac4c4261e0dd7,"Technical Solutions Manager, gTech Customer Experience",서울,,new products via upgrades and migrations to develop... long- term success. Analyze and optimize the development of clients...
https://kr.indeed.com/viewjob?jk=158662464c7e0809,Business Development – Synthetic Biology/ Variant Libraries/...,서울,,highly valued. Strong desire to win business and establish long term customer relationships. Excellent communication skills...
https://kr.indeed.com/viewjob?jk=2c4859dcecf5d674,Business Development Manager - Gaming,서울,,"organizations and influencer groups, working to drive long- term adoption and set growth strategies for our partners. Ideal..."
https://kr.indeed.com/viewjob?jk=7fbbc64c3fb40f63,"KERING Operations & Infrastructure Assistant Manager, Korea",서울,,gathering user feedback and provide quick fixes and long- term improvement if needed. • Other duties as assigned SKILLS...
https://kr.indeed.com/viewjob?jk=68dfd5d3792c423b,Sr. Specialist Custom Club Sales(Fitter),서울,,Dep't mission - Development and execution of mid & long term Custom-Fitting Business - Provides the administrative tasks...
https://kr.indeed.com/viewjob?jk=9054ea6641797ebe,Head of CE&I,서울,,insights. Responsibilities Responsible for corporate long- term strategy plan set up and manage/ monitor portfolio...
https://kr.indeed.com/viewjob?jk=4f87560ecc8cd2a1,Sales Year-Round Internship (Rolling Basis),서울,,leading brands? Are you intrigued... idea of building long- term business relationships with our customers? Would you like...
https://kr.indeed.com/viewjob?jk=b5e62595145da04d,OEM Sales Engineer,성남 판교역,,maintain good relationship with key customers for long term business. · Work actively... supporting team in Korea...
https://kr.indeed.com/viewjob?jk=8991f294891df041,AEC Technical Sales Specialist,서울,,feedback and identified business opportunities Develops long term customer relationships and achieves customer satisfaction...
https://kr.indeed.com/viewjob?jk=892d2f57d4870e59,[Richemont Group] AR Accountant (Fixed Contract),서울,,"AR Accountant (Fixed Contract) Richemont Seoul, 11, KR Fixed Term Richemont owns some... world’s leading luxury goods..."
https://kr.indeed.com/viewjob?jk=9b864bc448f90755,[Lionbridge] Korean Editor,서울 마포구,,need... living within commuting distance from Seoul. Long- term and regular commitment to our localization projects...
https://kr.indeed.com/viewjob?jk=ad1ecb09faaa8b0f,"Sr. Professional, Account Management",서울,,"development... Partner’s seasonal, annual and long- term plans based on an understanding... Partner’s consumer base..."
https://kr.indeed.com/viewjob?jk=ae4c66443d55f47b,CD Assistant Manager - HORECA,서울,,Customer... Customer at Unilever Set short-and mid- term Customer management strategy Proactively leads a joint...
https://kr.indeed.com/viewjob?jk=c747bcc6c3c25b1e,NOW HIRING Summer Intensive Program - Gangnam,서울 강남구,,international airport upon successful completion... contract term · Round-trip... working 3 months... Summer...
https://kr.indeed.com/viewjob?jk=54ee5f61217705aa,Consultant - Occupational Safety and Environment,서울,,"support our customers to transition and realize... long- term strategic goals sustainably, and collectively contributing..."
https://kr.indeed.com/viewjob?jk=54356a19155ea08f,[Danfoss] 댄포스코리아 Key Account Manager,서울 중구,,key accounts focusing on Samsung and Hyundai by building long term strategic relationshipCollaborate with business segments...
https://kr.indeed.com/viewjob?jk=851fd56d6ab5ac8e,Account Manager,서울+3 지역,,"build long term, sustainable... structure. We are proud to have a long- term bonding with our employees: More than..."
https://kr.indeed.com/viewjob?jk=a73dc0e223a9b5f6,"BCMA Investment Banking, 2022 Summer Analyst, Korea",서울,,"need to play a valuable role in a team... establish a long- term career here. At Citi, we value internal mobility, and we..."
https://kr.indeed.com/viewjob?jk=f1eaa291e26e2b6f,"Sales Manager, Enterprise - AWS Korea",서울,,team to build long- term business... customer adoption. • Develop long- term strategic relationships with key accounts...
https://kr.indeed.com/viewjob?jk=41f0bf1d8fb8d2f6,Cross Border Ecommerce - Project Management (Based in Seoul),서울,,projects Lead some issue management and develop short term and long term solution Efficiently organize and convene meetings...
https://kr.indeed.com/viewjob?jk=773c9cbd52b3884b,Sports & Culture Marketing Manager(Seoul) with Distribution...,서울,,"brand by designing and executing a short-, mid- and long- term Sports/E-Sports & Culture program achieving strong credibility..."
https://kr.indeed.com/viewjob?jk=5113ba7fb4339b6e,Supplier Manager,대한민국,,strategies based on business market intelligence long- term analysis... commodity... supply ecosystem. Acquires...
https://kr.indeed.com/viewjob?jk=19abb50b9c0c917a,Career Opportunities - South Korea,대한민국,,19018 Job Title Career Opportunities - South Korea Type Fixed Term Contract Salary Competitve Division Business Services Sub...
https://kr.indeed.com/viewjob?jk=6ebd41f7c269b5bb,A&T Office - Occupier Intern,서울,,"materials necessary for transactions - Prepares offers, term sheets and lease amendments... responsible for project..."
https://kr.indeed.com/viewjob?jk=a1d898b754a5f9d4,"Manager, Risk & Intelligence",서울,,variety of genres and languages. Visit our culture memo and long- term view to learn more about the unique Netflix culture...
https://kr.indeed.com/viewjob?jk=41e1787d920902c9,Trainee Sales Associate (현대 중동),경기도 부천,,mindset is core to our business and key to our long- term success. JOB PURPOSE 개인 및 매장 판매 목표를 초과 달성하기 위해 노력하고 소매점 주도 성장의 주요...
https://kr.indeed.com/viewjob?jk=1ebf9c60709d24ab,CFD - Industry Process Consultant (기술영업),서울,,Involve Marketing Activities... activation of long- term business Maintain / Improve skills & VAR(Reseller) Enablement...
https://kr.indeed.com/viewjob?jk=bb53ebeb0191c9bc,"[Janssen] Associate Digital Medical Excellence Manager, Medi...",서울,,medical communication strategy and processes - Establish the long- term Roadmap of Medical digital transformation to scale up...
https://kr.indeed.com/viewjob?jk=44924d81de03f074,General Manager,경기도 안양,,"P&L, prepare, execute and achieve annual operating and mid- term strategic plan Lead a team and collaborate with business unit..."
https://kr.indeed.com/viewjob?jk=726b7806205d752a,Allbirds korea 단기 계약직 (Short term Contract worker),서울 송파구,,진행중인 채용공고 2건 기업명 Allbirds Korea 홈페이지 http... shopma.net/job/shop10_read.asp?id=1468433&class_id=01 직원수 9명 인사담당자 인사담당자 부서명...
https://kr.indeed.com/viewjob?jk=3b713f7fbafa8d82,People & Culture Generalist - IKEA Giheung (6 months contrac...,경기도 고양,,"business through people. You know how to implement long- term plans, according to set budgets and goals. You have knowledge..."
https://kr.indeed.com/viewjob?jk=d079a7f5fdab7794,"MANAGER, GLOBAL KEY ACCOUNTS, WHOLESALE",서울 서초구,,Fully lead a customer`s annual sales plan and set a mid- term plan to grow both companies business... right strategy...
https://kr.indeed.com/viewjob?jk=97a9a9c792911c95,Local PVMI specialist,서울,,come. We now seek a Local PVMI Specialist (Temporary Fix Term) for our South Korean affiliate. Purpose... position...
https://kr.indeed.com/viewjob?jk=981e6a933c68fcf3,"Consultant and Senior Consultant, Power Systems – Korea",서울,,"which includes working within the team to establish long- term customer relationships, keeping abreast of industry needs..."
https://kr.indeed.com/viewjob?jk=fb8f5764cdbe3c39,"Customer Solutions Engineer, Global Client and Agency Soluti...",서울,,customers attain... business goals while building long- term capabilities... Global Client and Agency Solutions (GCAS...
https://kr.indeed.com/viewjob?jk=44f4f9ebdf9a0273,Head of OFF Premise (Seoul) with Distribution Partner,서울,,"Premise vision, long term plan, annual... Partnerships that generate long term value for Red Bull, Customers and Consumers..."
https://kr.indeed.com/viewjob?jk=bc48ed32801a196a,Admissions Counselor,인천,,upon satisfactory completion... initial contract term. Minimum Qualifications Bachelor’s degree or equivalency. One...
https://kr.indeed.com/viewjob?jk=885cfd9765788def,Senior Sales Associate (신세계 광주),광주광역시,,mindset is core to our business and key to our long- term success. JOB PURPOSE To provide an inspirational shopping...
https://kr.indeed.com/viewjob?jk=c9cfdf7579702906,"Partnerships Officer, WFP Global Liaison Office Korea",서울,,Korean nationals only. You... appointed on a National fixed- term (1 year renewable) contract. Remuneration... line...
https://kr.indeed.com/viewjob?jk=243a28468056bbeb,[Janssen] Clinical Research Manager,서울,,"appropriate. 12. Define, execute or support of long term strategy in alignment with GCO, GD and Janssen R&D strategies..."
https://kr.indeed.com/viewjob?jk=89d4b7abbd660d4e,Korea Payroll Specialist,서울,,so you can grow your career and expand your skills... long term. Cytiva is proud to work alongside a community of nine...
https://kr.indeed.com/viewjob?jk=a8f8cfe2bf32ea52,Client Program Director (HYUNDAI),서울,,account and Maersk growth – 30% • Co-create the account long term vision together... key client management • Develop...
https://kr.indeed.com/viewjob?jk=2e8a023bed940918,Trainee Sales Associate 2 (신세계 본점 남성),서울,,mindset is core to our business and key to our long- term success. JOB PURPOSE 개인 및 매장 판매 목표를 초과 달성하기 위해 노력하고 소매점 주도 성장의 주요...
https://kr.indeed.com/viewjob?jk=d5e96df8aa3b6c38,Head of Development Wind Projects South-Korea,서울,,Setting the strategy for South Korea and growing the long- term pipeline Managing a professional team and staying aligned...
https://kr.indeed.com/viewjob?jk=5a7285d6cd590b0a,[한국화이자제약] Global Supply Chain - Demand & Supply Manager,서울,,all activities surrounding generation of both short- term and long- term demand forecast Orchestrate and facilitate key forums...
https://kr.indeed.com/viewjob?jk=983933b8a40c1813,Assistant Store Manager (롯데 본점 남성),서울,,mindset is core to our business and key to our long- term success. JOB PURPOSE Through your passion for your product area...
https://kr.indeed.com/viewjob?jk=aec461f105d1cb32,"Sr. Containers Specialist, Korea",서울,,day-to-day interactions that identify prospects for long- term business opportunities. You... single-threaded owner...
https://kr.indeed.com/viewjob?jk=547a37556dcdacfb,"Territory Account Manager - Seoul, Korea",서울,,sales plans in line with assigned revenue targets and long term growth at specific key accounts. Ensure annual sales plans...
https://kr.indeed.com/viewjob?jk=525586bab74f441e,Clinical Project Assistant (1-year fixed term),서울,,About AbbVie AbbVie’s mission... discover and deliver innovative medicines that solve serious health issues today...
https://kr.indeed.com/viewjob?jk=0e424d4ef3fa5726,"Area Director Sales and Distribution, South Korea & Philippi...",서울,,"sales teams (if applicable) to build long- term, value-based customer relationships... short and long- term. Establish excellent..."
https://kr.indeed.com/viewjob?jk=55d7488785cb33df,"Modality Sales Specialist, CT",서울,,"customer relationship in order to ensure the long term profitability... defined number of accounts. Develop, lead..."
